,precision,recall,f1-score,support
0,0.8881671174995558,0.9965440085070559,0.9392395548409997,45139.0
1,0.6312056737588653,0.04501770359129995,0.08404154863078375,5931.0
accuracy,0.8860387703152536,0.8860387703152536,0.8860387703152536,0.8860387703152536
macro avg,0.7596863956292106,0.5207808560491779,0.5116405517358917,51070.0
weighted avg,0.8583249729366805,0.8860387703152536,0.839921376363757,51070.0
