model_name,accuracy,precision,recall,f1
xgboost_tuned_recall,0.6916976698648913,0.22760075496835794,0.6912830888551678,0.3424514512424306
